Name	Sample	Sequence	i7 rev comp	i7	protein	cycle	SampleName	Library	FileName
Seqlib RV 1	Cycle0 Lib1	CAAGCAGAAGACGGCATACGAGATCCAAGTCCGTGACTGGAGTTCAGACGTGTGCTCT	CCAAGTCC	GGACTTGG	None	0	RV01	lib1	None-lib1_0
Seqlib RV 2	Cycle0 Lib2	CAAGCAGAAGACGGCATACGAGATCAGTGGATGTGACTGGAGTTCAGACGTGTGCTCT	CAGTGGAT	ATCCACTG	None	0	RV02	lib2	None-lib2_0
Seqlib RV 3	Cycle0 Lib3	CAAGCAGAAGACGGCATACGAGATCTAGCTTGGTGACTGGAGTTCAGACGTGTGCTCT	CTAGCTTG	CAAGCTAG	None	0	RV03	lib3	None-lib3_0
Seqlib RV 6	Cycle1 Lib1 ZFC4	CAAGCAGAAGACGGCATACGAGATAAGGTACCGTGACTGGAGTTCAGACGTGTGCTCT	AAGGTACC	GGTACCTT	ZFC4	1	RV06	lib1	ZFC4-lib1_1
Seqlib RV 7	Cycle1 Lib1 No Protein	CAAGCAGAAGACGGCATACGAGATGGAACGTTGTGACTGGAGTTCAGACGTGTGCTCT	GGAACGTT	AACGTTCC	None	1	RV07	lib1	None-lib1_1
Seqlib RV 10	Cycle1 Lib2 ZFC4	CAAGCAGAAGACGGCATACGAGATCTTCACGGGTGACTGGAGTTCAGACGTGTGCTCT	CTTCACGG	CCGTGAAG	ZFC4	1	RV10	lib2	ZFC4-lib2_1
Seqlib RV 11	Cycle1 Lib2 No Protein	CAAGCAGAAGACGGCATACGAGATTCCTGTAAGTGACTGGAGTTCAGACGTGTGCTCT	TCCTGTAA	TTACAGGA	None	1	RV11	lib2	None-lib2_1
Seqlib RV 14	Cycle1 Lib3 ZFC4	CAAGCAGAAGACGGCATACGAGATGCAGAATCGTGACTGGAGTTCAGACGTGTGCTCT	GCAGAATC	GATTCTGC	ZFC4	1	RV14	lib3	ZFC4-lib3_1
Seqlib RV 15	Cycle1 Lib3 No Protein	CAAGCAGAAGACGGCATACGAGATTGTCGTAGGTGACTGGAGTTCAGACGTGTGCTCT	TGTCGTAG	CTACGACA	None	1	RV15	lib3	None-lib3_1
Seqlib RV 18	Cycle3 Lib1 ZFC4	CAAGCAGAAGACGGCATACGAGATCATTGTTGGTGACTGGAGTTCAGACGTGTGCTCT	CATTGTTG	CAACAATG	ZFC4	3	RV18	lib1	ZFC4-lib1_3
Seqlib RV 19	Cycle3 Lib1 No Protein	CAAGCAGAAGACGGCATACGAGATACGCCGCAGTGACTGGAGTTCAGACGTGTGCTCT	ACGCCGCA	TGCGGCGT	None	3	RV19	lib1	None-lib1_3
Seqlib RV 22	Cycle3 Lib2 ZFC4	CAAGCAGAAGACGGCATACGAGATTGACCTTAGTGACTGGAGTTCAGACGTGTGCTCT	TGACCTTA	TAAGGTCA	ZFC4	3	RV22	lib2	ZFC4-lib2_3
Seqlib RV 23	Cycle3 Lib2 No Protein	CAAGCAGAAGACGGCATACGAGATTCGAATGGGTGACTGGAGTTCAGACGTGTGCTCT	TCGAATGG	CCATTCGA	None	3	RV23	lib2	None-lib2_3
Seqlib RV 26	Cycle3 Lib3 ZFC4	CAAGCAGAAGACGGCATACGAGATGGAAGCAGGTGACTGGAGTTCAGACGTGTGCTCT	GGAAGCAG	CTGCTTCC	ZFC4	3	RV26	lib3	ZFC4-lib3_3
Seqlib RV 27	Cycle3 Lib3 No Protein	CAAGCAGAAGACGGCATACGAGATAAGGATGAGTGACTGGAGTTCAGACGTGTGCTCT	AAGGATGA	TCATCCTT	None	3	RV27	lib3	None-lib3_3
Seqlib RV 30	Cycle6 Lib1 ZFC4	CAAGCAGAAGACGGCATACGAGATGATATCGAGTGACTGGAGTTCAGACGTGTGCTCT	GATATCGA	TCGATATC	ZFC4	6	RV30	lib1	ZFC4-lib1_6
Seqlib RV 31	Cycle6 Lib1 No Protein	CAAGCAGAAGACGGCATACGAGATGCTCCGACGTGACTGGAGTTCAGACGTGTGCTCT	GCTCCGAC	GTCGGAGC	None	6	RV31	lib1	None-lib1_6
Seqlib RV 34	Cycle6 Lib2 ZFC4	CAAGCAGAAGACGGCATACGAGATTTGGTGAGGTGACTGGAGTTCAGACGTGTGCTCT	TTGGTGAG	CTCACCAA	ZFC4	6	RV34	lib2	ZFC4-lib2_6
Seqlib RV 35	Cycle6 Lib2 No Protein	CAAGCAGAAGACGGCATACGAGATAAGACGTCGTGACTGGAGTTCAGACGTGTGCTCT	AAGACGTC	GACGTCTT	None	6	RV35	lib2	None-lib2_6
Seqlib RV 38	Cycle6 Lib3 ZFC4	CAAGCAGAAGACGGCATACGAGATTCGTGACCGTGACTGGAGTTCAGACGTGTGCTCT	TCGTGACC	GGTCACGA	ZFC4	6	RV38	lib3	ZFC4-lib3_6
Seqlib RV 39	Cycle6 Lib3 No Protein	CAAGCAGAAGACGGCATACGAGATAGAATGCCGTGACTGGAGTTCAGACGTGTGCTCT	AGAATGCC	GGCATTCT	None	6	RV39	lib3	None-lib3_6
